id;plik;wiersz;tekst;nowy_tekst;uwagi
T0001;app/index.html;5;width=device-width, initial-scale=1;;atrybut content
T0002;app/index.html;6;Ile warte jest zadośćuczynienie?;;
T0003;app/index.html;7;Porównaj ofertę ubezpieczyciela z kwotami, które sądy uznały za odpowiednie w podobnych sprawach o wypadki drogowe.;;atrybut content
T0004;app/index.html;14;Sekcje aplikacji;;atrybut aria-label
T0005;app/index.html;15;Porównaj ofertę;;
T0006;app/index.html;16;Przeglądarka orzeczeń;;
T0007;app/index.html;17;Metodologia;;
T0008;app/index.html;19;Wypadki drogowe · zadośćuczynienie;;
T0009;app/index.html;20;Czy oferta ubezpieczyciela jest uczciwa?;;
T0010;app/index.html;21;Porównaj kwotę zaproponowaną przez ubezpieczyciela z kwotami, które polskie sądy uznały za odpowiednie w podobnych sprawach. Wszystko liczy się w Twojej przeglądarce – nic, co tu wpiszesz, nie jest nigdzie wysyłane.;;
T0011;app/index.html;23;Wersja testowa.;;
T0012;app/index.html;23;Kwoty odczytano z orzeczeń automatycznie i część z nich może być błędna. Zawsze sprawdź orzeczenie źródłowe. To nie jest porada prawna.;;
T0013;app/index.html;31;Twoja sytuacja;;
T0014;app/index.html;32;Zaznacz jedną albo obie. Jeśli zostałeś/aś ranny/a, a w tym samym wypadku zginęła bliska Ci osoba, zaznacz obie: to dwa odrębne roszczenia (za własne obrażenia – art. 445 k.c., za śmierć osoby bliskiej – art. 446 § 4 k.c.) i sąd ocenia każde z nich osobno.;;
T0015;app/index.html;36;Zostałem/am ranny/a w wypadku;;
T0016;app/index.html;37;W wypadku zginęła bliska mi osoba;;
T0017;app/index.html;42;Twoje obrażenia;;
T0018;app/index.html;44;Opisz krótko obrażenia, a podpowiemy kategorie;;
T0019;app/index.html;45;np. złamana noga, uraz kręgosłupa szyjnego;;atrybut placeholder
T0020;app/index.html;47;Kategorie obrażeń;;atrybut aria-label
T0021;app/index.html;49;Trwały uszczerbek na zdrowiu (%);;
T0022;app/index.html;49;jeśli znasz;;
T0023;app/index.html;51;Wiek w chwili wypadku;;
T0024;app/index.html;51;opcjonalnie;;
T0025;app/index.html;54;Co dotyczy Twojej sytuacji?;;
T0026;app/index.html;55;Sądy przyznawały wyższe kwoty częściej, gdy w uzasadnieniu opisywały te okoliczności.;;
T0027;app/index.html;57;Oferta ubezpieczyciela za Twoje obrażenia – kwota zadośćuczynienia zaproponowana lub wypłacona (zł);;
T0028;app/index.html;58;np. 15000;;atrybut placeholder
T0029;app/index.html;62;Śmierć bliskiej osoby;;
T0030;app/index.html;63;Kim była dla Ciebie zmarła osoba?;;
T0031;app/index.html;65;— dowolna relacja —;;
T0032;app/index.html;66;Moje dziecko;;
T0033;app/index.html;67;Mój mąż / żona / partner(ka);;
T0034;app/index.html;68;Mój rodzic;;
T0035;app/index.html;69;Mój brat / siostra;;
T0036;app/index.html;70;Inna bliska osoba (np. wnuk, dziadek);;
T0037;app/index.html;72;Twój wiek;;
T0038;app/index.html;76;Oferta ubezpieczyciela za śmierć bliskiej osoby – kwota zadośćuczynienia zaproponowana lub wypłacona (zł);;
T0039;app/index.html;77;np. 50000;;atrybut placeholder
T0040;app/index.html;81;Zakres orzeczeń;;
T0041;app/index.html;83;Uwzględnij orzeczenia od roku;;
T0042;app/index.html;86;Przelicz kwoty z orzeczeń na ceny z;;
T0043;app/index.html;86;r. (inflacja według GUS);;
T0044;app/index.html;89;Porównaj z orzeczeniami;;
T0045;app/index.html;96;Źródło: orzeczenia sądów powszechnych z bazy;;
T0046;app/index.html;96;SAOS;;
T0047;app/index.html;96;, zanonimizowane. Kwoty z orzeczeń przeliczamy domyślnie na ceny z ostatniego pełnego roku według średniorocznych wskaźników cen GUS. Narzędzie ma charakter informacyjny i nie zastępuje porady radcy prawnego ani adwokata.;;
T0048;app/index.html;99;Metodologia, model statystyczny i trend w czasie;;
T0049;app/index.html;101;To narzędzie wymaga włączonego JavaScriptu.;;
T0050;app/przegladarka.html;5;width=device-width, initial-scale=1;;atrybut content
T0051;app/przegladarka.html;6;Przeglądarka orzeczeń;;
T0052;app/przegladarka.html;7;Przeszukuj orzeczenia o wypadkach drogowych i zobacz, co automatyczny parser odczytał z każdego z nich – wraz ze zdaniami źródłowymi.;;atrybut content
T0053;app/przegladarka.html;14;Sekcje aplikacji;;atrybut aria-label
T0054;app/przegladarka.html;15;Porównaj ofertę;;
T0055;app/przegladarka.html;17;Metodologia;;
T0056;app/przegladarka.html;20;Wszystkie orzeczenia o wypadkach drogowych ze szkodą na osobie, z tym, co odczytał z nich automatyczny parser: kwoty, obrażenia, okoliczności i stwierdzenia sądu – zawsze ze zdaniem, z którego pochodzi każda liczba.;;
T0057;app/przegladarka.html;22;Dane odczytano regułami, bez udziału człowieka. Część kwot jest błędna (;;
T0058;app/przegladarka.html;23;jak odczytano dane;;
T0059;app/przegladarka.html;23;). Przeglądarka pokazuje, jak działał parser, także tam, gdzie się pomylił.;;
T0060;app/przegladarka.html;29;Szukaj w zdaniach źródłowych;;
T0061;app/przegladarka.html;30;np. pomocy osób trzecich, rażąco zaniżona;;atrybut placeholder
T0062;app/przegladarka.html;31;Sygnatura lub sąd;;
T0063;app/przegladarka.html;32;np. I C 1325/09, Wrocław;;atrybut placeholder
T0064;app/przegladarka.html;33;Rola;;
T0065;app/przegladarka.html;34;wszyscy;;
T0066;app/przegladarka.html;34;poszkodowani;;
T0067;app/przegladarka.html;34;osoby bliskie zmarłego;;
T0068;app/przegladarka.html;35;Obrażenia;;
T0069;app/przegladarka.html;35;dowolne;;
T0070;app/przegladarka.html;36;Rok od;;
T0071;app/przegladarka.html;37;Rok do;;
T0072;app/przegladarka.html;38;Decyzja parsera;;
T0073;app/przegladarka.html;39;wszystkie;;
T0074;app/przegladarka.html;39;wypadek drogowy;;
T0075;app/przegladarka.html;39;odrzucone (nie wypadek drogowy);;
T0076;app/przegladarka.html;40;tylko z oceną sądu „wypłata zaniżona”;;
T0077;app/przegladarka.html;41;tylko z odczytaną kwotą zadośćuczynienia;;
T0078;app/przegladarka.html;44;Wczytywanie…;;
T0079;app/przegladarka.html;50;Źródło:;;
T0080;app/przegladarka.html;50;SAOS;;
T0081;app/przegladarka.html;50;". Orzeczenia są zanonimizowane przez sądy; nie dodajemy żadnych danych identyfikujących. To nie jest porada prawna.";;
T0082;app/metodologia.html;5;width=device-width, initial-scale=1;;atrybut content
T0083;app/metodologia.html;6;Metodologia i model statystyczny;;
T0084;app/metodologia.html;7;Jak powstały dane, jaka była próba orzeczeń, założenia, model statystyczny kwot zadośćuczynienia i trend w czasie.;;atrybut content
T0085;app/metodologia.html;14;Sekcje aplikacji;;atrybut aria-label
T0086;app/metodologia.html;15;Porównaj ofertę;;
T0087;app/metodologia.html;16;Przeglądarka orzeczeń;;
T0088;app/metodologia.html;17;Metodologia;;
T0089;app/metodologia.html;20;Skąd pochodzą dane, jak je odczytano, jakie przyjęto założenia, co wpływa na wysokość zadośćuczynienia i jak kwoty zmieniały się w czasie.;;
T0090;app/metodologia.html;26;Spis treści;;atrybut aria-label
T0091;app/metodologia.html;28;Analizowana próba;;
T0092;app/metodologia.html;29;Jak odczytano orzeczenia;;
T0093;app/metodologia.html;30;Definicje i statystyki;;
T0094;app/metodologia.html;31;Założenia i ograniczenia;;
T0095;app/metodologia.html;32;Trend kwot w czasie;;
T0096;app/metodologia.html;33;Model statystyczny: co podnosi, a co obniża kwoty;;
T0097;app/metodologia.html;34;Słowa i frazy w uzasadnieniach;;
T0098;app/metodologia.html;39;1. Analizowana próba;;
T0099;app/metodologia.html;40;Źródłem są orzeczenia sądów powszechnych i Sądu Najwyższego opublikowane w Systemie Analizy Orzeczeń Sądowych (;;
T0100;app/metodologia.html;41;SAOS;;
T0101;app/metodologia.html;41;), pobrane w całości 2 października 2026 r. Orzeczenia są zanonimizowane.;;
T0102;app/metodologia.html;47;2. Jak odczytano orzeczenia;;
T0103;app/metodologia.html;48;Wszystkie dane odczytano;;
T0104;app/metodologia.html;48;regułami deterministycznymi;;
T0105;app/metodologia.html;48;(wyrażenia regularne i proste reguły języka prawniczego), bez modeli językowych. Ten sam tekst zawsze daje ten sam wynik, a każdą liczbę można powiązać z fragmentem orzeczenia – w;;
T0106;app/metodologia.html;50;przeglądarce orzeczeń;;
T0107;app/metodologia.html;50;widać zdanie, z którego pochodzi.;;
T0108;app/metodologia.html;52;Element;;
T0109;app/metodologia.html;52;Skąd;;
T0110;app/metodologia.html;54;Kwota zasądzonego zadośćuczynienia;;
T0111;app/metodologia.html;54;sentencja, z rozbiciem kwot łącznych według uzasadnienia;;
T0112;app/metodologia.html;55;Kwota uznana przez sąd za odpowiednią;;
T0113;app/metodologia.html;55;uzasadnienie („odpowiednią kwotą jest…”);;
T0114;app/metodologia.html;56;Wcześniejsza wypłata ubezpieczyciela;;
T0115;app/metodologia.html;56;uzasadnienie („wypłacił…”);;
T0116;app/metodologia.html;57;Kategorie obrażeń;;
T0117;app/metodologia.html;57;opis obrażeń w ustaleniach faktycznych;;
T0118;app/metodologia.html;58;Okoliczności wskazane przez sąd;;
T0119;app/metodologia.html;58;zdania z ustaleń i rozważań sądu;;
T0120;app/metodologia.html;59;Stwierdzenie „wypłata była zaniżona”;;
T0121;app/metodologia.html;59;rozważania sądu;;
T0122;app/metodologia.html;62;Reguły nie są nieomylne i część wartości jest odczytana błędnie. Dlatego pokazujemy rozkład wielu spraw (mediana i kwartyle są odporne na pojedyncze błędy), a nie pojedynczą kwotę, i zawsze podajemy sygnaturę orzeczenia źródłowego.;;
T0123;app/metodologia.html;67;3. Definicje i statystyki;;
T0124;app/metodologia.html;69;Kwota sądowa (odpowiednia suma);;
T0125;app/metodologia.html;70;Łączna kwota zadośćuczynienia, którą sąd uznał za odpowiednią (art. 445 § 1 lub 446 § 4 k.c.), łącznie z tym, co ubezpieczyciel wypłacił wcześniej. Jeżeli sąd nie podał jej wprost, przyjmujemy kwotę zasądzoną powiększoną o wcześniejszą wypłatę, a gdy wypłata nie jest znana – samą kwotę zasądzoną.;;
T0126;app/metodologia.html;74;Kwota wypłacona w postępowaniu likwidacyjnym przed procesem, tak jak opisał ją sąd.;;
T0127;app/metodologia.html;75;Podobne sprawy;;
T0128;app/metodologia.html;76;Do 80 spraw najbardziej podobnych do opisanej sytuacji: ta sama rola (poszkodowany lub osoba bliska zmarłego), wspólna kategoria obrażeń lub ta sama relacja do zmarłego, a potem ranking według podobieństwa kategorii, stopnia uszczerbku, wieku i okoliczności. Gdy podobnych spraw jest mniej niż 15, kryteria są luzowane.;;
T0129;app/metodologia.html;79;Mediana;;
T0130;app/metodologia.html;80;Kwota środkowa: w połowie spraw sąd uznał za odpowiednią mniej, w połowie więcej.;;
T0131;app/metodologia.html;81;Pierwszy kwartyl (Q1) i trzeci kwartyl (Q3);;
T0132;app/metodologia.html;82;"Q1 to kwota, poniżej której leży 25% spraw; Q3 – kwota, powyżej której leży 25% spraw.";;
T0133;app/metodologia.html;83;Rozstęp międzykwartylowy (Q1–Q3);;
T0134;app/metodologia.html;84;Przedział od Q1 do Q3, w którym mieści się 50% spraw o środkowych kwotach. Na wykresach to niebieski pas.;;
T0135;app/metodologia.html;89;4. Założenia i ograniczenia;;
T0136;app/metodologia.html;91;Inflacja.;;
T0137;app/metodologia.html;91;W porównaniu ofert kwoty z orzeczeń są domyślnie przeliczane na ceny z ostatniego pełnego roku według średniorocznych wskaźników cen towarów i usług konsumpcyjnych GUS – od roku wyroku, bo sąd ustala odpowiednią sumę według cen z daty orzekania (art. 363 § 2 k.c.). Orzeczenia z bieżącego roku zostają bez zmian (GUS nie podał jeszcze wskaźnika rocznego). Przeliczenie można wyłączyć. Model statystyczny uwzględnia rok orzeczenia, więc inflacja nie zniekształca wyników dla pozostałych cech.;;
T0138;app/metodologia.html;96;Tylko sprawy, które trafiły do sądu.;;
T0139;app/metodologia.html;96;Sprawy zakończone ugodą lub akceptacją oferty ubezpieczyciela nie są widoczne. Do sądu trafiają zwykle sprawy, w których poszkodowany uznał ofertę za zbyt niską – to tzw. efekt selekcji.;;
T0140;app/metodologia.html;98;Niepełne pokrycie SAOS.;;
T0141;app/metodologia.html;98;"Baza nie zawiera wszystkich orzeczeń; w ostatnich latach publikuje ich mniej, a orzeczenia sądów apelacyjnych są w niej nadreprezentowane.";;
T0142;app/metodologia.html;100;Zakres:;;
T0143;app/metodologia.html;100;zadośćuczynienie za krzywdę (na osobie) z wypadków drogowych w sprawach cywilnych. Odszkodowania za szkody majątkowe i renty nie są jeszcze uwzględnione w porównaniu.;;
T0144;app/metodologia.html;102;Kilku poszkodowanych w jednej sprawie;;
T0145;app/metodologia.html;102;"otrzymuje wspólny zestaw kategorii obrażeń (opis obrażeń trudno przypisać do osoby); relację do zmarłego ustalamy z tekstu tylko wtedy, gdy w sprawie jest jedna osoba bliska.";;
T0146;app/metodologia.html;104;Związek, nie przyczyna.;;
T0147;app/metodologia.html;104;Model pokazuje, jakie cechy spraw współwystępują z wyższymi lub niższymi kwotami. Nie dowodzi, że dana okoliczność sama „powoduje” wyższą kwotę.;;
T0148;app/metodologia.html;106;To nie jest porada prawna.;;
T0149;app/metodologia.html;106;"Każda sprawa jest inna; o wysokości zadośćuczynienia decyduje sąd po ocenie wszystkich okoliczności.";;
T0150;app/metodologia.html;112;5. Trend kwot w czasie;;
T0151;app/metodologia.html;113;"Mediana kwot uznanych przez sądy za odpowiednie oraz mediana wcześniejszych wypłat ubezpieczycieli, rok po roku (kwoty nominalne; lata z co najmniej 30 sprawami). Pas to rozstęp międzykwartylowy (Q1–Q3) kwot sądowych.";;
T0152;app/metodologia.html;115;Kwoty na wykresie;;atrybut aria-label
T0153;app/metodologia.html;116;nominalnie;;
T0154;app/metodologia.html;117;w cenach z;;
T0155;app/metodologia.html;121;Tabela: trend w czasie;;
T0156;app/metodologia.html;125;6. Model statystyczny: co podnosi, a co obniża kwoty;;
T0157;app/metodologia.html;126;"Regresja liniowa logarytmu kwoty sądowej (MNK), osobno dla poszkodowanych i dla osób bliskich zmarłego. Jednostką jest roszczenie; błędy standardowe są grupowane według orzeczeń (kilka roszczeń z jednej sprawy nie jest niezależnych). Model uwzględnia jednocześnie wszystkie cechy z wykresu oraz efekty roku orzeczenia. Wynik dla każdej cechy to procentowa różnica kwoty przy pozostałych cechach bez zmian, z 95-procentowym przedziałem ufności. Do modelu weszły tylko roszczenia, w których kwota sądowa jest wskazana przez sąd albo wyliczona z kwoty zasądzonej i wcześniejszej wypłaty.";;
T0158;app/metodologia.html;132;istotnie podnosi kwotę;;
T0159;app/metodologia.html;133;istotnie obniża kwotę;;
T0160;app/metodologia.html;134;brak istotnego wpływu (p ≥ 0,05);;
T0161;app/metodologia.html;136;Poszkodowani w wypadku;;
T0162;app/metodologia.html;139;Osoby bliskie zmarłego;;
T0163;app/metodologia.html;142;Jak czytać te wyniki;;
T0164;app/metodologia.html;144;Stopień trwałego uszczerbku;;
T0165;app/metodologia.html;144;"różnicuje kwoty najsilniej, a zaraz po nim rodzaj obrażeń (paraliż, amputacja, złamania kręgosłupa podnoszą kwoty; urazy kręgosłupa szyjnego i lekkie obrażenia je obniżają).";;
T0166;app/metodologia.html;146;Orzeczenia II instancji;;
T0167;app/metodologia.html;146;mają wyraźnie wyższe kwoty, ale to głównie selekcja: sprawy o wysokie kwoty zaczynają się w sądach okręgowych, a ich apelacje rozpoznają sądy apelacyjne, które publikują więcej orzeczeń.;;
T0168;app/metodologia.html;148;Przyczynienie się;;
T0169;app/metodologia.html;148;u poszkodowanych współwystępuje z wyższą odpowiednią sumą: sąd ustala odpowiednią sumę przed jej obniżeniem o przyczynienie, a przyczynienie analizuje się częściej w sprawach poważnych.;;
T0170;app/metodologia.html;150;„Silna więź ze zmarłym”;;
T0171;app/metodologia.html;150;"pojawia się w ok. 85% spraw osób bliskich, więc praktycznie nie różnicuje spraw; sprawy bez tej wzmianki są nietypowe. Ten wynik nie znaczy, że silna więź obniża kwotę.";;
T0172;app/metodologia.html;152;Model dla osób bliskich wyjaśnia mniej zmienności kwot niż model dla poszkodowanych: o kwocie decydują tu okoliczności trudne do uchwycenia regułami (np. charakter relacji, sytuacja rodzinna).;;
T0173;app/metodologia.html;155;Tabela: wszystkie współczynniki modeli;;
T0174;app/metodologia.html;159;7. Słowa i frazy w uzasadnieniach;;
T0175;app/metodologia.html;160;Badamy nie tylko pojedyncze słowa, ale też;;
T0176;app/metodologia.html;160;frazy 2-, 3- i 4-wyrazowe;;
T0177;app/metodologia.html;160;(n-gramy), np. „kołnierza ortopedycznego” czy „renty z tytułu zwiększonych potrzeb”. Słowa sprowadzamy do pierwszych 7 liter (rdzenia), żeby różne formy gramatyczne liczyły się razem. Frazy nie przekraczają granic zdań, a słowa krótsze niż 3 litery są pomijane. Przetestowano;;
T0178;app/metodologia.html;163;cech występujących w co najmniej 2% (pojedyncze słowa i pary) lub 1% (frazy 3- i 4-wyrazowe), ale nie więcej niż 60% orzeczeń. Każdą sprawdzono w części uzasadnienia, w której sąd mówi we własnym imieniu, przy kontroli kategorii obrażeń, uszczerbku, relacji do zmarłego, roku, instancji i długości uzasadnienia. Wyniki skorygowano na wielokrotne testowanie łącznie dla wszystkich cech (procedura Benjaminiego–Hochberga, FDR;;
T0179;app/metodologia.html;167;"5%); istotnych okazało się";;
T0180;app/metodologia.html;168;To analiza eksploracyjna: frazy wskazują, jakie okoliczności towarzyszą wyższym i niższym kwotom, a nie co je powoduje. Część fraz to cytaty przepisów (np. art. 444 § 2 k.c. o rencie), które sądy przytaczają w poważniejszych sprawach. Pominięto słowa, które wprost powtarzają kwotę albo zdradzają szczebel sądu (np. nazwy sądów, „SSR”).;;
T0181;app/metodologia.html;171;Długość frazy;;atrybut aria-label
T0182;app/metodologia.html;172;1 słowo;;
T0183;app/metodologia.html;173;2 słowa;;
T0184;app/metodologia.html;174;3 słowa;;
T0185;app/metodologia.html;175;4 słowa;;
T0186;app/metodologia.html;179;Najsilniej podnoszą kwotę;;
T0187;app/metodologia.html;180;Najsilniej obniżają kwotę;;
T0188;app/metodologia.html;182;Tabela: istotne słowa i frazy;;
T0189;app/metodologia.html;187;Wersje metod:;;
T0190;app/metodologia.html;187;. Kod analizy: moduły;;
T0191;app/metodologia.html;187;orzeczenia.parse;;
T0192;app/metodologia.html;187;orzeczenia.reasons;;
T0193;app/metodologia.html;188;orzeczenia.categories;;
T0194;app/metodologia.html;188;orzeczenia.model;;
T0195;app/metodologia.html;188;. To nie jest porada prawna.;;
T0196;app/app.js;9;śmierć dziecka;;
T0197;app/app.js;9;śmierć małżonka/partnera;;
T0198;app/app.js;9;śmierć rodzica;;
T0199;app/app.js;10;śmierć brata/siostry;;
T0200;app/app.js;10;śmierć innej bliskiej osoby;;
T0201;app/app.js;103;Oferta wygląda na zaniżoną;;
T0202;app/app.js;103;W ${p}% podobnych spraw sąd uznał za odpowiednią kwotę wyższą niż ta oferta. Jest niższa niż pierwszy kwartyl (Q1) kwot sądowych.;;nie zmieniaj fragmentów ${…}
T0203;app/app.js;104;Oferta jest poniżej mediany kwot sądowych;;
T0204;app/app.js;104;W ${p}% podobnych spraw sąd uznał za odpowiednią kwotę wyższą niż ta oferta.;;nie zmieniaj fragmentów ${…}
T0205;app/app.js;105;Oferta mieści się w rozstępie międzykwartylowym;;
T0206;app/app.js;105;Oferta jest między medianą a trzecim kwartylem (Q3) kwot uznanych przez sądy za odpowiednie (w ${p}% spraw sąd ustalił więcej).;;nie zmieniaj fragmentów ${…}
T0207;app/app.js;106;Oferta jest powyżej trzeciego kwartyla (Q3) kwot sądowych;;
T0208;app/app.js;106;Tylko w ${p}% podobnych spraw sąd uznał za odpowiednią kwotę wyższą niż ta oferta.;;nie zmieniaj fragmentów ${…}
T0209;app/app.js;115;Rozkład kwot uznanych przez sądy w podobnych sprawach;;
T0210;app/app.js;139;"Każda kropka to kwota, którą sąd uznał za odpowiednią w jednej z podobnych spraw. Niebieski pas: rozstęp międzykwartylowy (od Q1 do Q3, czyli 50% spraw o środkowych kwotach); czarna kreska: mediana.";;
T0211;app/app.js;155;Kopiuj cytat z sygnaturą;;
T0212;app/app.js;157;pełna treść w SAOS;;
T0213;app/app.js;168;kwota wskazana przez sąd;;
T0214;app/app.js;168;zasądzono + wypłacone wcześniej;;
T0215;app/app.js;168;kwota zasądzona (wcześniejsza wypłata nieznana);;
T0216;app/app.js;175;Brak fragmentów do zacytowania.;;
T0217;app/app.js;176;Pokaż fragmenty uzasadnienia;;
T0218;app/app.js;182;"W cenach z ${data.inflation.base} r.; w wyroku: ${formatPLN(c.tn)}";;nie zmieniaj fragmentów ${…}
T0219;app/app.js;183; · ubezpieczyciel wypłacił wcześniej ${formatPLN(c.pd)};;nie zmieniaj fragmentów ${…}
T0220;app/app.js;190;Zadośćuczynienie za Twoje obrażenia (art. 445 k.c.);;
T0221;app/app.js;191;Zadośćuczynienie za śmierć osoby bliskiej (art. 446 § 4 k.c.);;
T0222;app/app.js;204;Dwa roszczenia z jednego wypadku;;
T0223;app/app.js;205;Sąd ocenia każde roszczenie osobno, dlatego poniżej są dwa porównania. ;;
T0224;app/app.js;206;Suma median kwot sądowych w podobnych sprawach: ${formatPLN(medians)};;nie zmieniaj fragmentów ${…}
T0225;app/app.js;221;Za mało podobnych spraw;;
T0226;app/app.js;222;Spróbuj zaznaczyć mniej okoliczności albo uwzględnić starsze orzeczenia.;;
T0227;app/app.js;231;Kwoty w podobnych sprawach;;
T0228;app/app.js;232;Wpisz kwotę z oferty ubezpieczyciela, aby zobaczyć, jak wypada na tle orzeczeń.;;
T0229;app/app.js;235;Mediana kwot sądowych;;
T0230;app/app.js;236;Rozstęp międzykwartylowy (Q1–Q3);;
T0231;app/app.js;237;Mediana wcześniejszych wypłat ubezpieczycieli;;
T0232;app/app.js;239; Kwoty z orzeczeń przeliczono na ceny z ${data.inflation.base} r. według wskaźników inflacji GUS.;;nie zmieniaj fragmentów ${…}
T0233;app/app.js;239; Kwoty są nominalne (z dat orzeczeń).;;
T0234;app/app.js;240;"Porównanie opiera się na ${stats.n} najbardziej podobnych sprawach z lat ${q.since}–${new Date().getFullYear()}.${prices} Q1 (pierwszy kwartyl): w 25% spraw sąd uznał za odpowiednią niższą kwotę; Q3 (trzeci kwartyl): w 25% spraw – wyższą.";;nie zmieniaj fragmentów ${…}
T0235;app/app.js;241;" W sprawach, w których znamy obie kwoty, sąd uznał za odpowiednią kwotę średnio (mediana) ${stats.ratioMedian.toFixed(1).replace(""."", "","")} razy wyższą niż wcześniejsza wypłata ubezpieczyciela.";;nie zmieniaj fragmentów ${…}
T0236;app/app.js;247;Co sądy pisały o zaniżonych wypłatach w podobnych sprawach;;
T0237;app/app.js;248;Wczytywanie cytatów…;;
T0238;app/app.js;261;Pokaż wszystkie (${similar.length});;nie zmieniaj fragmentów ${…}
T0239;app/app.js;273;Nie udało się wczytać danych. Uruchom aplikację przez serwer HTTP (zobacz README w katalogu app/).;;
T0240;app/przegladarka.js;8;osoba bliska zmarłego;;
T0241;app/przegladarka.js;9;Uznana przez sąd za odpowiednią;;
T0242;app/przegladarka.js;10;Wypłacona wcześniej przez ubezpieczyciela;;
T0243;app/przegladarka.js;55;Data poprawiona: w SAOS ${r[R.saosDate]} (oczywisty błąd pisarski w wyroku);;nie zmieniaj fragmentów ${…}
T0244;app/przegladarka.js;84;"Pominięto bardzo częste słowa: ${ignored.join("", "")}.";;nie zmieniaj fragmentów ${…}
T0245;app/przegladarka.js;106;"${current.length.toLocaleString(""pl-PL"")} orzeczeń";;nie zmieniaj fragmentów ${…}
T0246;app/przegladarka.js;107; zawierających w zdaniach źródłowych: „${q}”;;nie zmieniaj fragmentów ${…}
T0247;app/przegladarka.js;115;Kwota sądowa;;
T0248;app/przegladarka.js;118;parser: nie wypadek drogowy;;
T0249;app/przegladarka.js;121;„wypłata zaniżona”;;
T0250;app/przegladarka.js;131;Pokaż kolejne (${Math.min(PAGE, current.length - shown)} z ${current.length - shown});;nie zmieniaj fragmentów ${…}
T0251;app/przegladarka.js;141;Tej kwoty nie ma w zdaniu wprost: parser wyliczył ją (np. rozbił kwotę łączną według uzasadnienia albo dodał wcześniejszą wypłatę).;;
T0252;app/przegladarka.js;148;poszkodowany zmarł;;
T0253;app/przegladarka.js;153;Powód/powódka: ${c.who};;nie zmieniaj fragmentów ${…}
T0254;app/przegladarka.js;155;Obrażenia odczytane z uzasadnienia: ;;
T0255;app/przegladarka.js;160;nie odczytano;;
T0256;app/przegladarka.js;162;wyliczona z innych kwot;;
T0257;app/przegladarka.js;162;brak zdania źródłowego;;
T0258;app/przegladarka.js;176;← Wróć do listy;;
T0259;app/przegladarka.js;179;pełna treść orzeczenia w SAOS;;
T0260;app/przegladarka.js;183;Uznane za sprawę z wypadku drogowego ze szkodą na osobie.;;
T0261;app/przegladarka.js;183;Odrzucone: parser uznał, że to nie jest sprawa z wypadku drogowego ze szkodą na osobie.;;
T0262;app/przegladarka.js;184;"Kategorie obrażeń: ${r[R.cats].map((c) => catLabel[c]).join("", "")}.";;nie zmieniaj fragmentów ${…}
T0263;app/przegladarka.js;186;Ślad techniczny: ${d.analysis};;nie zmieniaj fragmentów ${…}
T0264;app/przegladarka.js;187;Odczytane kwoty i zdania, z których pochodzą;;
T0265;app/przegladarka.js;187;Parser nie odczytał żadnych roszczeń.;;
T0266;app/przegladarka.js;188;Zaznaczona liczba w zdaniu to kwota, którą parser stamtąd odczytał.;;
T0267;app/przegladarka.js;190;Sąd o wcześniejszej wypłacie ubezpieczyciela;;
T0268;app/przegladarka.js;192;Okoliczności wskazane przez sąd;;
T0269;app/przegladarka.js;228;Nie udało się wczytać danych (uruchom `orzeczenia export` i serwer HTTP).;;
T0270;app/metodologia.js;37;${Math.min(Math.max(8, x + 14), window.innerWidth - w - 8)}px;;nie zmieniaj fragmentów ${…}
T0271;app/metodologia.js;52;Orzeczenia w SAOS (wszystkie sądy i rodzaje spraw);;
T0272;app/metodologia.js;53;Orzeczenia w sprawach cywilnych, gospodarczych, pracy i rodzinnych (bez karnych);;
T0273;app/metodologia.js;54;Wzmianka o wypadku drogowym i odszkodowaniu/zadośćuczynieniu;;
T0274;app/metodologia.js;55;Sklasyfikowane jako: wypadek drogowy + szkoda na osobie + sprawa cywilna;;
T0275;app/metodologia.js;56;Orzeczenia z odczytaną kwotą zadośćuczynienia (porównanie w aplikacji);;
T0276;app/metodologia.js;57;Orzeczenia w modelu statystycznym (kwota wskazana przez sąd lub zasądzona + wypłacona);;
T0277;app/metodologia.js;67;Porównanie w aplikacji obejmuje ${num(sample.claims)} roszczeń o zadośćuczynienie z ${num(sample.judgments)} orzeczeń ;;nie zmieniaj fragmentów ${…}
T0278;app/metodologia.js;68;z lat ${sample.years[0]}–${sample.years[1]} (poszkodowani: ${num(sample.by_role.p)}, osoby bliskie zmarłego: ${num(sample.by_role.b)}). ;;nie zmieniaj fragmentów ${…}
T0279;app/metodologia.js;69;Model statystyczny: ${num(sample.claims_model)} roszczeń z ${num(sample.judgments_model)} orzeczeń. ;;nie zmieniaj fragmentów ${…}
T0280;app/metodologia.js;80;${title}: mediana kwot sądowych i wypłat ubezpieczycieli w latach ${x0}–${x1};;nie zmieniaj fragmentów ${…}
T0281;app/metodologia.js;106;${Math.round(last[key] / 1000)} tys. zł;;nie zmieniaj fragmentów ${…}
T0282;app/metodologia.js;119;${formatPLN(d.median)} – mediana kwot sądowych;;nie zmieniaj fragmentów ${…}
T0283;app/metodologia.js;119;${d.year}, ${d.n} roszczeń;;nie zmieniaj fragmentów ${…}
T0284;app/metodologia.js;121;Mediana wypłat ubezpieczycieli: ${formatPLN(d.paid_median)} (${d.paid_n});;nie zmieniaj fragmentów ${…}
T0285;app/metodologia.js;121;Wypłaty ubezpieczycieli: za mało danych;;
T0286;app/metodologia.js;122;"Indeks skorygowany o strukturę spraw: ${d.adjusted_index.toFixed(2).replace(""."", "","")}";;nie zmieniaj fragmentów ${…}
T0287;app/metodologia.js;127;mediana kwot sądowych;;
T0288;app/metodologia.js;128;Q1–Q3 kwot sądowych;;
T0289;app/metodologia.js;129;mediana wypłat ubezpieczycieli;;
T0290;app/metodologia.js;144;Poszkodowani w wypadku;;
T0291;app/metodologia.js;144;Osoby bliskie zmarłego;;
T0292;app/metodologia.js;150;Mediana nominalna zależy też od tego, jakie sprawy trafiły do SAOS w danym roku (np. w pierwszych latach przeważają orzeczenia sądów apelacyjnych). ;;
T0293;app/metodologia.js;151;"Dlatego model podaje też indeks skorygowany o strukturę spraw (obrażenia, uszczerbek, instancja itd.; 2015 = 1,00): ";;
T0294;app/metodologia.js;152;"dla poszkodowanych ${idx(""p"", 2019) != null ? idx(""p"", 2019).toFixed(2).replace(""."", "","") : ""–""} w 2019 r. i ";;nie zmieniaj fragmentów ${…}
T0295;app/metodologia.js;153;"${last.adjusted_index != null ? last.adjusted_index.toFixed(2).replace(""."", "","") : ""–""} w ${last.year} r. ";;nie zmieniaj fragmentów ${…}
T0296;app/metodologia.js;154;Ostatnie lata opierają się na mniejszej liczbie orzeczeń, więc są mniej pewne.;;
T0297;app/metodologia.js;161;Mediana wypłat ubezp.;;
T0298;app/metodologia.js;196;95% przedział ufności: ${pct(d.lo)} do ${pct(d.hi)};;nie zmieniaj fragmentów ${…}
T0299;app/metodologia.js;206;${num(d.n)} roszczeń z tą cechą;;nie zmieniaj fragmentów ${…}
T0300;app/metodologia.js;208;"${num(m.n)} roszczeń z ${num(m.judgments)} orzeczeń; R² = ${m.r2.toFixed(2).replace(""."", "","")} ";;nie zmieniaj fragmentów ${…}
T0301;app/metodologia.js;209;(model wyjaśnia ${Math.round(m.r2 * 100)}% zmienności logarytmu kwot). Punkt odniesienia dla cech podzielonych na grupy podano w nawiasie.;;nie zmieniaj fragmentów ${…}
T0302;app/metodologia.js;214;${pct(c.lo)} do ${pct(c.hi)};;nie zmieniaj fragmentów ${…}
T0303;app/metodologia.js;216;Wpływ na kwotę;;
T0304;app/metodologia.js;225;"występuje w ${Math.round(d.share * 100)}% orzeczeń; q (FDR) = ${pval(d.q)}; rdzenie: ${d.stems}";;nie zmieniaj fragmentów ${…}
T0305;app/metodologia.js;226;pojedynczych słów;;
T0306;app/metodologia.js;229;"Wśród ${num(part.tested)} ${NAMES[n]} istotnych jest ${num(part.significant)}; poniżej po 15 o największym wpływie.";;nie zmieniaj fragmentów ${…}
T0307;app/metodologia.js;238;${pct(d.lo)} do ${pct(d.hi)};;nie zmieniaj fragmentów ${…}
T0308;app/metodologia.js;240;Fraza (najczęstsza forma);;
T0309;app/metodologia.js;261;parser ${model.versions.parser}, fragmenty uzasadnień ${model.versions.reasons};;nie zmieniaj fragmentów ${…}
T0310;app/logic.js;61;Za mało spraw z tą samą relacją do zmarłego – pokazano sprawy wszystkich osób bliskich.;;
T0311;app/logic.js;66;Za mało spraw z tymi samymi obrażeniami – pokazano sprawy o podobnym stopniu uszczerbku i okolicznościach.;;
T0312;src/orzeczenia/categories.py;20;Uraz głowy, wstrząśnienie mózgu;;
T0313;src/orzeczenia/categories.py;24;Kręgosłup szyjny (np. „smagnięcie biczem”);;
T0314;src/orzeczenia/categories.py;27;Złamanie kręgosłupa lub miednicy;;
T0315;src/orzeczenia/categories.py;30;Uszkodzenie rdzenia kręgowego, paraliż;;
T0316;src/orzeczenia/categories.py;33;Złamanie nogi, stopy lub kostki;;
T0317;src/orzeczenia/categories.py;36;Złamanie ręki, ramienia, obojczyka lub dłoni;;
T0318;src/orzeczenia/categories.py;39;Kolano, więzadła, łąkotki, zwichnięcia;;
T0319;src/orzeczenia/categories.py;43;Żebra, klatka piersiowa, płuca;;
T0320;src/orzeczenia/categories.py;46;Narządy wewnętrzne (śledziona, wątroba, nerki, jelita);;
T0321;src/orzeczenia/categories.py;49;Twarz, zęby, oko, słuch;;
T0322;src/orzeczenia/categories.py;52;Amputacja, utrata kończyny lub palców;;
T0323;src/orzeczenia/categories.py;58;Stłuczenia, otarcia, lekkie obrażenia;;
T0324;src/orzeczenia/categories.py;61;Skutki psychiczne (PTSD, depresja, lęk przed jazdą);;
T0325;src/orzeczenia/export.py;32;Trwałe skutki, kalectwo, złe rokowania;;
T0326;src/orzeczenia/export.py;33;Długie leczenie lub rehabilitacja;;
T0327;src/orzeczenia/export.py;34;Silny ból i cierpienie;;
T0328;src/orzeczenia/export.py;36;Utrata aktywności (praca, sport, pasje);;
T0329;src/orzeczenia/export.py;37;Zależność od pomocy innych;;
T0330;src/orzeczenia/export.py;38;Młody wiek;;
T0331;src/orzeczenia/export.py;40;Wpływ na życie rodzinne i osobiste;;
T0332;src/orzeczenia/export.py;41;Silna więź ze zmarłym;;
T0333;src/orzeczenia/export.py;42;Nagła, tragiczna śmierć;;
T0334;src/orzeczenia/model.py;48;"[a-ząćęłńóśźż]{3,}|[.;:!?()]";;
T0335;src/orzeczenia/model.py;63;śmierć rodzica;;
T0336;src/orzeczenia/model.py;63;śmierć dziecka;;
T0337;src/orzeczenia/model.py;63;śmierć małżonka/partnera;;
T0338;src/orzeczenia/model.py;64;śmierć brata/siostry;;
T0339;src/orzeczenia/model.py;64;śmierć innej bliskiej osoby;;
T0340;src/orzeczenia/model.py;177;Trwały uszczerbek (wobec 1–5%);;
T0341;src/orzeczenia/model.py;181;Relacja (wobec śmierci rodzica);;
T0342;src/orzeczenia/model.py;192;Okoliczności wskazane przez sąd;;
T0343;src/orzeczenia/model.py;193;Przyczynienie się poszkodowanego;;
T0344;src/orzeczenia/model.py;195;Kilku powodów w sprawie;;
